timeStamp,elapsed,label,responseCode,responseMessage,threadName,dataType,success,failureMessage,bytes,sentBytes,grpThreads,allThreads,URL,Latency,IdleTime,Connect
1705575621245,1217,Home Page HTTP Request,200,OK,BunnyCartHomePage Thread Group 1-1,text,true,,215568,122,1,1,https://www.bunnycart.com/,1145,0,694
1705575622482,354,Search Page HTTP Request,200,OK,BunnyCartHomePage Thread Group 1-1,text,true,,180221,151,1,1,https://www.bunnycart.com/catalogsearch/result/?q=water,275,0,0
1705575622849,778,ClickProductHTTP Request,200,OK,BunnyCartHomePage Thread Group 1-1,text,true,,172130,338,1,1,https://www.bunnycart.com/aquatic-plants/water-poppy,22,0,0
1705575622849,22,ClickProductHTTP Request-0,301,Moved Permanently,BunnyCartHomePage Thread Group 1-1,,true,,670,144,1,1,https://bunnycart.com/aquatic-plants/water-poppy,22,0,0
1705575622876,751,ClickProductHTTP Request-1,200,OK,BunnyCartHomePage Thread Group 1-1,text,true,,171460,194,1,1,https://www.bunnycart.com/aquatic-plants/water-poppy,613,0,163
1705575624134,955,Home Page HTTP Request,200,OK,BunnyCartHomePage Thread Group 1-2,text,true,,215559,122,1,1,https://www.bunnycart.com/,821,0,394
1705575625099,394,Search Page HTTP Request,200,OK,BunnyCartHomePage Thread Group 1-2,text,true,,180221,151,1,1,https://www.bunnycart.com/catalogsearch/result/?q=water,320,0,0
1705575625499,889,ClickProductHTTP Request,200,OK,BunnyCartHomePage Thread Group 1-2,text,true,,172125,338,1,1,https://www.bunnycart.com/aquatic-plants/water-poppy,67,0,0
1705575625499,67,ClickProductHTTP Request-0,301,Moved Permanently,BunnyCartHomePage Thread Group 1-2,,true,,660,144,1,1,https://bunnycart.com/aquatic-plants/water-poppy,67,0,0
1705575625568,820,ClickProductHTTP Request-1,200,OK,BunnyCartHomePage Thread Group 1-2,text,true,,171465,194,1,1,https://www.bunnycart.com/aquatic-plants/water-poppy,758,0,136
1705575627116,367,Home Page HTTP Request,200,OK,BunnyCartHomePage Thread Group 1-3,text,true,,215560,122,1,1,https://www.bunnycart.com/,349,0,177
1705575627486,173,Search Page HTTP Request,200,OK,BunnyCartHomePage Thread Group 1-3,text,true,,180228,151,1,1,https://www.bunnycart.com/catalogsearch/result/?q=water,162,0,0
1705575627663,561,ClickProductHTTP Request,200,OK,BunnyCartHomePage Thread Group 1-3,text,true,,172111,338,1,1,https://www.bunnycart.com/aquatic-plants/water-poppy,22,0,0
1705575627663,22,ClickProductHTTP Request-0,301,Moved Permanently,BunnyCartHomePage Thread Group 1-3,,true,,664,144,1,1,https://bunnycart.com/aquatic-plants/water-poppy,22,0,0
1705575627686,538,ClickProductHTTP Request-1,200,OK,BunnyCartHomePage Thread Group 1-3,text,true,,171447,194,1,1,https://www.bunnycart.com/aquatic-plants/water-poppy,462,0,156
1705575630116,725,Home Page HTTP Request,200,OK,BunnyCartHomePage Thread Group 1-4,text,true,,215552,122,1,1,https://www.bunnycart.com/,658,0,306
1705575630848,353,Search Page HTTP Request,200,OK,BunnyCartHomePage Thread Group 1-4,text,true,,180232,151,1,1,https://www.bunnycart.com/catalogsearch/result/?q=water,332,0,0
1705575631206,713,ClickProductHTTP Request,200,OK,BunnyCartHomePage Thread Group 1-4,text,true,,172129,338,1,1,https://www.bunnycart.com/aquatic-plants/water-poppy,29,0,0
1705575631206,29,ClickProductHTTP Request-0,301,Moved Permanently,BunnyCartHomePage Thread Group 1-4,,true,,662,144,1,1,https://bunnycart.com/aquatic-plants/water-poppy,29,0,0
1705575631238,681,ClickProductHTTP Request-1,200,OK,BunnyCartHomePage Thread Group 1-4,text,true,,171467,194,1,1,https://www.bunnycart.com/aquatic-plants/water-poppy,598,0,143
1705575633119,1078,Home Page HTTP Request,200,OK,BunnyCartHomePage Thread Group 1-5,text,true,,215556,122,1,1,https://www.bunnycart.com/,1067,0,149
1705575634199,453,Search Page HTTP Request,200,OK,BunnyCartHomePage Thread Group 1-5,text,true,,180227,151,1,1,https://www.bunnycart.com/catalogsearch/result/?q=water,442,0,0
1705575634657,1223,ClickProductHTTP Request,200,OK,BunnyCartHomePage Thread Group 1-5,text,true,,172109,338,1,1,https://www.bunnycart.com/aquatic-plants/water-poppy,21,0,0
1705575634657,21,ClickProductHTTP Request-0,301,Moved Permanently,BunnyCartHomePage Thread Group 1-5,,true,,660,144,1,1,https://bunnycart.com/aquatic-plants/water-poppy,21,0,0
1705575634680,1200,ClickProductHTTP Request-1,200,OK,BunnyCartHomePage Thread Group 1-5,text,true,,171449,194,1,1,https://www.bunnycart.com/aquatic-plants/water-poppy,1131,0,155
1705575636117,1076,Home Page HTTP Request,200,OK,BunnyCartHomePage Thread Group 1-6,text,true,,215564,122,1,1,https://www.bunnycart.com/,1060,0,147
1705575637196,425,Search Page HTTP Request,200,OK,BunnyCartHomePage Thread Group 1-6,text,true,,180226,151,1,1,https://www.bunnycart.com/catalogsearch/result/?q=water,413,0,0
1705575637624,2143,ClickProductHTTP Request,200,OK,BunnyCartHomePage Thread Group 1-6,text,true,,172123,338,2,2,https://www.bunnycart.com/aquatic-plants/water-poppy,23,0,0
1705575637624,23,ClickProductHTTP Request-0,301,Moved Permanently,BunnyCartHomePage Thread Group 1-6,,true,,666,144,2,2,https://bunnycart.com/aquatic-plants/water-poppy,23,0,0
1705575637649,2118,ClickProductHTTP Request-1,200,OK,BunnyCartHomePage Thread Group 1-6,text,true,,171457,194,2,2,https://www.bunnycart.com/aquatic-plants/water-poppy,2052,0,147
1705575639117,658,Home Page HTTP Request,200,OK,BunnyCartHomePage Thread Group 1-7,text,true,,215570,122,1,1,https://www.bunnycart.com/,646,0,296
1705575639778,692,Search Page HTTP Request,200,OK,BunnyCartHomePage Thread Group 1-7,text,true,,180222,151,1,1,https://www.bunnycart.com/catalogsearch/result/?q=water,684,0,0
1705575640475,1880,ClickProductHTTP Request,200,OK,BunnyCartHomePage Thread Group 1-7,text,true,,172119,338,2,2,https://www.bunnycart.com/aquatic-plants/water-poppy,69,0,0
1705575640475,69,ClickProductHTTP Request-0,301,Moved Permanently,BunnyCartHomePage Thread Group 1-7,,true,,662,144,2,2,https://bunnycart.com/aquatic-plants/water-poppy,69,0,0
1705575640547,1808,ClickProductHTTP Request-1,200,OK,BunnyCartHomePage Thread Group 1-7,text,true,,171457,194,2,2,https://www.bunnycart.com/aquatic-plants/water-poppy,1681,0,162
1705575642117,1326,Home Page HTTP Request,200,OK,BunnyCartHomePage Thread Group 1-8,text,true,,215550,122,1,1,https://www.bunnycart.com/,1311,0,301
1705575643447,1427,Search Page HTTP Request,200,OK,BunnyCartHomePage Thread Group 1-8,text,true,,180226,151,1,1,https://www.bunnycart.com/catalogsearch/result/?q=water,1422,0,0
1705575644887,960,ClickProductHTTP Request,200,OK,BunnyCartHomePage Thread Group 1-8,text,true,,172119,338,2,2,https://www.bunnycart.com/aquatic-plants/water-poppy,72,0,0
1705575644887,72,ClickProductHTTP Request-0,301,Moved Permanently,BunnyCartHomePage Thread Group 1-8,,true,,666,144,2,2,https://bunnycart.com/aquatic-plants/water-poppy,72,0,0
1705575644960,887,ClickProductHTTP Request-1,200,OK,BunnyCartHomePage Thread Group 1-8,text,true,,171453,194,2,2,https://www.bunnycart.com/aquatic-plants/water-poppy,872,0,60
1705575645117,1668,Home Page HTTP Request,200,OK,BunnyCartHomePage Thread Group 1-9,text,true,,215552,122,1,1,https://www.bunnycart.com/,1658,0,286
1705575646790,1428,Search Page HTTP Request,200,OK,BunnyCartHomePage Thread Group 1-9,text,true,,180232,151,2,2,https://www.bunnycart.com/catalogsearch/result/?q=water,1424,0,0
1705575648220,869,ClickProductHTTP Request,200,OK,BunnyCartHomePage Thread Group 1-9,text,true,,172117,338,2,2,https://www.bunnycart.com/aquatic-plants/water-poppy,68,0,0
1705575648220,68,ClickProductHTTP Request-0,301,Moved Permanently,BunnyCartHomePage Thread Group 1-9,,true,,664,144,2,2,https://bunnycart.com/aquatic-plants/water-poppy,68,0,0
1705575648290,799,ClickProductHTTP Request-1,200,OK,BunnyCartHomePage Thread Group 1-9,text,true,,171453,194,2,2,https://www.bunnycart.com/aquatic-plants/water-poppy,785,0,50
1705575648116,1289,Home Page HTTP Request,200,OK,BunnyCartHomePage Thread Group 1-10,text,true,,215562,122,1,1,https://www.bunnycart.com/,1272,0,298
1705575649411,434,Search Page HTTP Request,200,OK,BunnyCartHomePage Thread Group 1-10,text,true,,180213,151,1,1,https://www.bunnycart.com/catalogsearch/result/?q=water,424,0,0
1705575649850,628,ClickProductHTTP Request,200,OK,BunnyCartHomePage Thread Group 1-10,text,true,,172121,338,1,1,https://www.bunnycart.com/aquatic-plants/water-poppy,73,0,0
1705575649850,73,ClickProductHTTP Request-0,301,Moved Permanently,BunnyCartHomePage Thread Group 1-10,,true,,664,144,1,1,https://bunnycart.com/aquatic-plants/water-poppy,73,0,0
1705575649925,553,ClickProductHTTP Request-1,200,OK,BunnyCartHomePage Thread Group 1-10,text,true,,171457,194,1,1,https://www.bunnycart.com/aquatic-plants/water-poppy,486,0,179
